pos,codon,aa
0,ATG,M
1,AAG,K
2,GCA,A
3,AAA,K
4,CTA,L
5,CTG,L
6,GTC,V
7,CTG,L
8,TTA,L
9,TAT,Y
10,GCA,A
11,TTT,F
12,GTA,V
13,GCT,A
14,ACA,T
15,GAT,D
16,GCA,A
17,GAC,D
18,ACA,T
19,ATA,I
20,TGT,C
21,ATA,I
22,GGC,G
23,TAC,Y
24,CAT,H
25,GCG,A
26,AAC,N
27,AAC,N
28,TCA,S
29,ACC,T
30,GAC,D
31,ACT,T
32,GTT,V
33,GAC,D
34,ACA,T
35,ATA,I
36,CTC,L
37,GAG,E
38,AAG,K
39,AAT,N
40,GTG,V
41,GCA,A
42,GTG,V
43,ACA,T
44,CAT,H
45,TCT,S
46,GTT,V
47,AAC,N
48,CTG,L
49,CTC,L
50,GAA,E
51,GAC,D
52,AGC,S
53,CAC,H
54,AAC,N
55,GGG,G
56,AAA,K
57,CTA,L
58,TGT,C
59,AAA,K
60,TTA,L
61,AAA,K
62,GGA,G
63,ATA,I
64,GCC,A
65,CCA,P
66,CTA,L
67,CAA,Q
68,TTG,L
69,GGG,G
70,AAA,K
71,TGT,C
72,AAC,N
73,ATC,I
74,ACC,T
75,GGA,G
76,TGG,W
77,CTC,L
78,TTG,L
79,GGA,G
80,AAT,N
81,CCA,P
82,GAA,E
83,TGC,C
84,GAC,D
85,TCA,S
86,CTG,L
87,CTT,L
88,CCA,P
89,GCG,A
90,AGA,R
91,TCA,S
92,TGG,W
93,TCC,S
94,TAC,Y
95,ATT,I
96,GTA,V
97,GAA,E
98,ACA,T
99,CCA,P
100,AAC,N
101,TCT,S
102,GAG,E
103,AAT,N
104,GGA,G
105,GCA,A
106,TGT,C
107,TAT,Y
108,CCA,P
109,GGA,G
110,GAT,D
111,CTC,L
112,ATC,I
113,GAC,D
114,TAT,Y
115,GAG,E
116,GAA,E
117,CTG,L
118,AGG,R
119,GAG,E
120,CAA,Q
121,TTG,L
122,AGC,S
123,TCA,S
124,GTA,V
125,TCA,S
126,TCA,S
127,TTA,L
128,GAA,E
129,AGA,R
130,TTC,F
131,GAA,E
132,ATA,I
133,TTT,F
134,CCC,P
135,AAG,K
136,GAA,E
137,AGT,S
138,TCA,S
139,TGG,W
140,CCC,P
141,AAC,N
142,CAC,H
143,ACA,T
144,TTC,F
145,AAC,N
146,GGA,G
147,GTA,V
148,ACA,T
149,GTA,V
150,TCA,S
151,TGC,C
152,TCC,S
153,CAT,H
154,AGG,R
155,GGA,G
156,AAA,K
157,AGC,S
158,AGT,S
159,TTT,F
160,TAC,Y
161,AGA,R
162,AAT,N
163,TTG,L
164,CTA,L
165,TGG,W
166,CTG,L
167,ACG,T
168,AAG,K
169,AAG,K
170,GGG,G
171,GAT,D
172,TCA,S
173,TAC,Y
174,CCA,P
175,AAG,K
176,CTG,L
177,ACC,T
178,AAT,N
179,TCC,S
180,TAT,Y
181,GTG,V
182,AAC,N
183,AAT,N
184,AAA,K
185,GGG,G
186,AAA,K
187,GAA,E
188,GTC,V
189,CTT,L
190,GTA,V
191,CTA,L
192,TGG,W
193,GGT,G
194,GTT,V
195,CAT,H
196,CAC,H
197,CCG,P
198,TCT,S
199,AGC,S
200,AGT,S
201,GAT,D
202,GAG,E
203,CAA,Q
204,CAG,Q
205,AGT,S
206,CTC,L
207,TAT,Y
208,AGT,S
209,AAT,N
210,GGA,G
211,AAT,N
212,GCT,A
213,TAT,Y
214,GTC,V
215,TCT,S
216,GTA,V
217,GCG,A
218,TCT,S
219,TCA,S
220,AAT,N
221,TAT,Y
222,AAC,N
223,AGG,R
224,AGA,R
225,TTC,F
226,ACC,T
227,CCG,P
228,GAA,E
229,ATA,I
230,GCT,A
231,GCA,A
232,AGG,R
233,CCC,P
234,AAA,K
235,GTA,V
236,AGA,R
237,GAT,D
238,CAA,Q
239,CAT,H
240,GGG,G
241,AGG,R
242,ATG,M
243,AAC,N
244,TAT,Y
245,TAC,Y
246,TGG,W
247,ACC,T
248,TTG,L
249,CTA,L
250,GAA,E
251,CCC,P
252,GGA,G
253,GAC,D
254,ACA,T
255,ATA,I
256,ATA,I
257,TTT,F
258,GAG,E
259,GCA,A
260,ACT,T
261,GGT,G
262,AAT,N
263,CTA,L
264,ATA,I
265,GCA,A
266,CCA,P
267,TGG,W
268,TAT,Y
269,GCT,A
270,TTC,F
271,GCA,A
272,CTG,L
273,AGT,S
274,AGA,R
275,GGG,G
276,TTT,F
277,GAG,E
278,TCC,S
279,GGC,G
280,ATC,I
281,ATC,I
282,ACC,T
283,TCA,S
284,AAC,N
285,GCG,A
286,TCA,S
287,ATG,M
288,CAT,H
289,GAG,E
290,TGT,C
291,AAC,N
292,ACG,T
293,AAG,K
294,TGT,C
295,CAA,Q
296,ACA,T
297,CCC,P
298,CAG,Q
299,GGA,G
300,GCT,A
301,ATA,I
302,AAC,N
303,AGC,S
304,AAT,N
305,CTC,L
306,CCT,P
307,TTC,F
308,CAG,Q
309,AAT,N
310,ATA,I
311,CAC,H
312,CCA,P
313,GTC,V
314,ACA,T
315,ATA,I
316,GGA,G
317,GAG,E
318,TGC,C
319,CCA,P
320,AAA,K
321,TAT,Y
322,GTC,V
323,AGG,R
324,AGT,S
325,ACC,T
326,AAA,K
327,TTG,L
328,AGG,R
329,ATG,M
330,GTT,V
331,ACA,T
332,GGA,G
333,CTA,L
334,AGA,R
335,AAC,N
336,ATC,I
337,CCA,P
338,TCC,S
339,ATT,I
340,CAA,Q
341,TAC,Y
342,AGA,R
343,GGT,G
344,CTA,L
345,TTT,F
346,GGA,G
347,GCC,A
348,ATT,I
349,GCT,A
350,GGT,G
351,TTT,F
352,ATT,I
353,GAG,E
354,GGG,G
355,GGA,G
356,TGG,W
357,ACT,T
358,GGA,G
359,ATG,M
360,ATA,I
361,GAT,D
362,GGA,G
363,TGG,W
364,TAT,Y
365,GGT,G
366,TAT,Y
367,CAT,H
368,CAT,H
369,CAG,Q
370,AAT,N
371,GAA,E
372,CAG,Q
373,GGA,G
374,TCA,S
375,GGC,G
376,TAT,Y
377,GCA,A
378,GCG,A
379,GAT,D
380,CAA,Q
381,AAA,K
382,AGC,S
383,ACA,T
384,CAA,Q
385,AAT,N
386,GCC,A
387,ATT,I
388,AAC,N
389,GGG,G
390,ATT,I
391,ACA,T
392,AAC,N
393,AAG,K
394,GTG,V
395,AAC,N
396,TCT,S
397,GTT,V
398,ATC,I
399,GAG,E
400,AAA,K
401,ATG,M
402,AAC,N
403,ACT,T
404,CAA,Q
405,TTC,F
406,ACA,T
407,GCT,A
408,GTG,V
409,GGT,G
410,AAA,K
411,GAA,E
412,TTC,F
413,AAC,N
414,AAC,N
415,TTA,L
416,GAA,E
417,AAA,K
418,AGG,R
419,ATG,M
420,GAA,E
421,AAT,N
422,TTA,L
423,AAT,N
424,AAA,K
425,AAA,K
426,GTT,V
427,GAT,D
428,GAT,D
429,GGG,G
430,TTT,F
431,CTG,L
432,GAC,D
433,ATT,I
434,TGG,W
435,ACA,T
436,TAT,Y
437,AAT,N
438,GCA,A
439,GAA,E
440,TTG,L
441,TTA,L
442,GTT,V
443,CTA,L
444,CTG,L
445,GAA,E
446,AAT,N
447,GAA,E
448,AGG,R
449,ACT,T
450,TTG,L
451,GAT,D
452,TTC,F
453,CAT,H
454,GAC,D
455,TTA,L
456,AAT,N
457,GTG,V
458,AAG,K
459,AAT,N
460,CTG,L
461,TAC,Y
462,GAG,E
463,AAA,K
464,GTA,V
465,AAA,K
466,AGC,S
467,CAA,Q
468,TTA,L
469,AAG,K
470,AAT,N
471,AAT,N
472,GCC,A
473,AAA,K
474,GAA,E
475,ATC,I
476,GGA,G
477,AAT,N
478,GGG,G
479,TGT,C
480,TTT,F
481,GAG,E
482,TTC,F
483,TAC,Y
484,CAC,H
485,AAG,K
486,TGT,C
487,GAC,D
488,AAT,N
489,GAA,E
490,TGC,C
491,ATG,M
492,GAA,E
493,AGT,S
494,GTA,V
495,AGA,R
496,AAT,N
497,GGG,G
498,ACT,T
499,TAT,Y
500,GAT,D
501,TAT,Y
502,CCA,P
503,AAA,K
504,TAT,Y
505,TCA,S
506,GAA,E
507,GAA,E
508,TCA,S
509,AAG,K
510,TTG,L
511,AAC,N
512,AGG,R
513,GAA,E
514,AAG,K
515,ATA,I
516,GAT,D
517,GGA,G
518,GTG,V
519,AAA,K
520,TTG,L
521,GAA,E
522,TCA,S
523,ATG,M
524,GGG,G
525,GTG,V
526,TAT,Y
527,CAG,Q
528,ATT,I
529,CTG,L
530,GCG,A
531,ATC,I
532,TAC,Y
533,TCA,S
534,ACT,T
535,GTC,V
536,GCC,A
537,AGT,S
538,TCA,S
539,CTG,L
540,GTG,V
541,CTT,L
542,TTG,L
543,GTC,V
544,TCC,S
545,CTG,L
546,GGG,G
547,GCA,A
548,ATC,I
549,AGT,S
550,TTC,F
551,TGG,W
552,ATG,M
553,TGT,C
554,TCT,S
555,AAT,N
556,GGG,G
557,TCT,S
558,TTG,L
559,CAG,Q
560,TGC,C
561,AGA,R
562,ATA,I
563,TGC,C
564,ATC,I
565,ATC,I
